No.,Skills,Portfolio Website
1,Front-End Web Development,https://portfolio1.com
2,Back-End Web Development,https://portfolio2.com
3,UI/UX Design,https://portfolio3.com
4,Graphic Design,https://portfolio4.com
5,Data Analysis,https://portfolio5.com
6,Machine Learning,https://portfolio6.com
7,Cloud Computing,https://portfolio7.com
8,Cybersecurity,https://portfolio8.com
9,Mobile App Development (Android),https://portfolio9.com
10,Mobile App Development (iOS),https://portfolio10.com
11,Game Development,https://portfolio11.com
12,AI and Deep Learning,https://portfolio12.com
13,DevOps,https://portfolio13.com
14,Software Testing,https://portfolio14.com
15,Blockchain Development,https://portfolio15.com
16,Digital Marketing,https://portfolio16.com
17,Content Writing,https://portfolio17.com
18,Copywriting,https://portfolio18.com
19,SEO Specialist,https://portfolio19.com
20,Social Media Management,https://portfolio20.com
21,Video Editing,https://portfolio21.com
22,Motion Graphics,https://portfolio22.com
23,Illustration,https://portfolio23.com
24,Photography,https://portfolio24.com
25,Animation,https://portfolio25.com
26,Data Science,https://portfolio26.com
27,Financial Analysis,https://portfolio27.com
28,Accounting,https://portfolio28.com
29,Business Intelligence,https://portfolio29.com
30,Product Management,https://portfolio30.com
31,Project Management,https://portfolio31.com
32,Scrum Master,https://portfolio32.com
33,Risk Management,https://portfolio33.com
34,Supply Chain Management,https://portfolio34.com
35,Logistics,https://portfolio35.com
36,Sales,https://portfolio36.com
37,Customer Service,https://portfolio37.com
38,Human Resources,https://portfolio38.com
39,Talent Acquisition,https://portfolio39.com
40,Electrical Engineering,https://portfolio40.com
41,Mechanical Engineering,https://portfolio41.com
42,Civil Engineering,https://portfolio42.com
43,Architecture,https://portfolio43.com
44,Urban Planning,https://portfolio44.com
45,Interior Design,https://portfolio45.com
46,Fashion Design,https://portfolio46.com
47,Industrial Design,https://portfolio47.com
48,Environmental Science,https://portfolio48.com
49,Geography,https://portfolio49.com
50,Biology,https://portfolio50.com
51,Chemistry,https://portfolio51.com
52,Physics,https://portfolio52.com
53,Astronomy,https://portfolio53.com
54,Mathematics,https://portfolio54.com
55,Psychology,https://portfolio55.com
56,Sociology,https://portfolio56.com
57,Anthropology,https://portfolio57.com
58,Political Science,https://portfolio58.com
59,Law,https://portfolio59.com
60,Philosophy,https://portfolio60.com
61,Linguistics,https://portfolio61.com
62,Education,https://portfolio62.com
63,ESL (English as a Second Language),https://portfolio63.com
64,Economics,https://portfolio64.com
65,Entrepreneurship,https://portfolio65.com
66,Personal Finance,https://portfolio66.com
67,Culinary Arts,https://portfolio67.com
68,Nutrition,https://portfolio68.com
69,Fitness Training,https://portfolio69.com
70,Yoga,https://portfolio70.com
71,Meditation,https://portfolio71.com
72,Counseling,https://portfolio72.com
73,Child Psychology,https://portfolio73.com
74,Real Estate,https://portfolio74.com
75,Veterinary Medicine,https://portfolio75.com
76,Dentistry,https://portfolio76.com
77,Nursing,https://portfolio77.com
78,Public Health,https://portfolio78.com
79,Pharmacology,https://portfolio79.com
80,Environmental Engineering,https://portfolio80.com
81,Chemical Engineering,https://portfolio81.com
82,Biomedical Engineering,https://portfolio82.com
83,Aerospace Engineering,https://portfolio83.com
84,Marine Biology,https://portfolio84.com
85,Archaeology,https://portfolio85.com
86,Classical Studies,https://portfolio86.com
87,History,https://portfolio87.com
88,Performing Arts,https://portfolio88.com
89,Music Production,https://portfolio89.com
90,Sound Engineering,https://portfolio90.com
91,Theatre,https://portfolio91.com
92,Dance,https://portfolio92.com
93,Film Studies,https://portfolio93.com
94,Creative Writing,https://portfolio94.com
95,Poetry,https://portfolio95.com
96,Journalism,https://portfolio96.com
97,Public Speaking,https://portfolio97.com
98,Event Planning,https://portfolio98.com
99,Marketing Strategy,https://portfolio99.com
100,Research,https://portfolio100.com
